{"cameraMode":{"drawMode":0,"name":"Shaded","section":"Shading Mode"},"sceneLighting":true,"audioPlay":false,"sceneViewState":{"m_AlwaysRefresh":false,"showFog":true,"showSkybox":true,"showFlares":true,"showImageEffects":true,"showParticleSystems":true,"showVisualEffectGraphs":true,"m_FxEnabled":true},"in2DMode":false,"pivot":{"x":5.349883079528809,"y":-10.130553245544434,"z":-26.087392807006837},"rotation":{"x":-0.01750720478594303,"y":-0.9780946373939514,"z":0.18588538467884065,"w":-0.09210672974586487},"size":16.003582000732423,"orthographic":false}